title,price
A Light in the Attic,£51.77
Soumission,£50.10
Sharp Objects,£47.82
The Requiem Red,£22.65
Sapiens: A Brief History of Humankind,£54.23
Tipping the Velvet,£53.74
The Black Maria,£52.15
Shakespeare's Sonnets,£20.66
Set Me Free,£17.46
The Dirty Little Secrets of Getting Your Dream Job,£33.34
"Starving Hearts (Triangular Trade Trilogy, #1)",£13.99
The Boys in the Boat: Nine Americans and Their Epic Quest for Gold at the 1936 Berlin Olympics,£22.60
Rip it Up and Start Again,£35.02
"The Coming Woman: A Novel Based on the Life of the Infamous Feminist, Victoria Woodhull",£17.93
It's Only the Himalayas,£45.17
Scott Pilgrim's Precious Little Life (Scott Pilgrim #1),£52.29
Libertarianism for Beginners,£51.33
Olio,£23.88
"Our Band Could Be Your Life: Scenes from the American Indie Underground, 1981-1991",£57.25
Mesaerion: The Best Science Fiction Stories 1800-1849,£37.59
How Music Works,£37.32
In Her Wake,£12.84
Black Dust,£34.53
"Foolproof Preserving: A Guide to Small Batch Jams, Jellies, Pickles, Condiments, and More: A Foolproof Guide to Making Small Batch Jams, Jellies, Pickles, Condiments, and More",£30.52
Birdsong: A Story in Pictures,£54.64
Chase Me (Paris Nights #2),£25.27
America's Cradle of Quarterbacks: Western Pennsylvania's Football Factory from Johnny Unitas to Joe Montana,£22.50
The Four Agreements: A Practical Guide to Personal Freedom,£17.66
Aladdin and His Wonderful Lamp,£53.13
Worlds Elsewhere: Journeys Around Shakespeare’s Globe,£40.30
Wall and Piece,£44.18
The Five Love Languages: How to Express Heartfelt Commitment to Your Mate,£31.05
Sophie's World,£15.94
The Bear and the Piano,£36.89
The Elephant Tree,£23.82
Penny Maybe,£33.29
"In a Dark, Dark Wood",£19.63
Behind Closed Doors,£52.22
You can't bury them all: Poems,£33.63
Maude (1883-1993):She Grew Up with the country,£18.02
The Rise of Theodore Roosevelt (Theodore Roosevelt #1),£42.57
So You've Been Publicly Shamed,£12.23
Benjamin Franklin: An American Life,£48.19
Critique of Pure Reason,£20.75
"Run, Spot, Run: The Ethics of Keeping Pets",£20.02
Old Records Never Die: One Man's Quest for His Vinyl and His Past,£55.66
The Nicomachean Ethics,£36.34
The Bone Hunters (Lexy Vaughan & Steven Macaulay #2),£59.71
Far From True (Promise Falls Trilogy #2),£34.93
The Travelers,£15.77
Leave This Song Behind: Teen Poetry at Its Best,£51.17
The Collected Poems of W.B. Yeats (The Collected Works of W.B. Yeats #1),£15.42
You Are What You Love: The Spiritual Power of Habit,£21.87
God: The Most Unpleasant Character in All Fiction,£30.03
The Crossover,£38.77
Alice in Wonderland (Alice's Adventures in Wonderland #1),£55.53
The Great Railway Bazaar,£30.54
A Summer In Europe,£44.34
A Year in Provence (Provence #1),£56.88
Slow States of Collapse: Poems,£57.31
Untitled Collection: Sabbath Poems 2014,£14.27
"Unbound: How Eight Technologies Made Us Human, Transformed Society, and Brought Our World to the Brink",£25.52
Unicorn Tracks,£18.78
The Death of Humanity: and the Case for Life,£58.11
Call the Nurse: True Stories of a Country Nurse on a Scottish Isle,£29.14
The Stranger,£17.44
"Rich Dad, Poor Dad",£51.74
Kierkegaard: A Christian Missionary to Christians,£47.13
Proofs of God: Classical Arguments from Tertullian to Barth,£54.21
You (You #1),£43.61
The Guilty (Will Robie #4),£13.82
salt.,£46.78
Night Sky with Exit Wounds,£41.05
And Then There Were None,£35.01
"Quarter Life Poetry: Poems for the Young, Broke and Hangry",£50.89
Maybe Something Beautiful: How Art Transformed a Neighborhood,£22.54
Full Moon over Noah’s Ark: An Odyssey to Mount Ararat and Beyond,£49.43
See America: A Celebration of Our National Parks & Treasured Sites,£48.87
The Wild Robot,£56.07
Vagabonding: An Uncommon Guide to the Art of Long-Term World Travel,£36.94
Under the Tuscan Sun,£37.33
The Thing About Jellyfish,£48.77
The Lonely Ones,£43.59
The Day the Crayons Came Home (Crayons),£26.33
House of Leaves,£54.89
Angels Walking (Angels Walking #1),£34.20
In the Country We Love: My Family Divided,£22.00
The Electric Pencil: Drawings from Inside State Hospital No. 3,£56.06
The E-Myth Revisited: Why Most Small Businesses Don't Work and What to Do About It,£36.91
The Art of Startup Fundraising,£21.00
Made to Stick: Why Some Ideas Survive and Others Die,£38.85
Quench Your Own Thirst: Business Lessons Learned Over a Beer or Two,£43.14
Born for This: How to Find the Work You Were Meant to Do,£21.59
Poems That Make Grown Women Cry,£14.19
Luis Paints the World,£53.95
Animal Farm,£57.22
Shoe Dog: A Memoir by the Creator of NIKE,£23.99
Candide,£58.63
Nap-a-Roo,£25.08
The Whale,£35.96
Raymie Nightingale,£34.41
"Shrunken Treasures: Literary Classics, Short, Sweet, and Silly",£52.87
Playing from the Heart,£32.38
Wuthering Heights,£17.73
The Picture of Dorian Gray,£29.70
The Song of Achilles,£37.40
The Life-Changing Magic of Tidying Up: The Japanese Art of Decluttering and Organizing,£16.77
The Third Wave: An Entrepreneur’s Vision of the Future,£12.61
The 10% Entrepreneur: Live Your Startup Dream Without Quitting Your Day Job,£27.55
The Immortal Life of Henrietta Lacks,£40.67
If I Run (If I Run #1),£49.97
Like Never Before (Walker Family #2),£28.77
Counted With the Stars (Out from Egypt #1),£17.97
The Dovekeepers,£48.78
More Than Music (Chasing the Dream #1),£37.61
Code Name Verity (Code Name Verity #1),£22.13
The White Cat and the Monk: A Retelling of the Poem “Pangur Bán”,£58.08
Cell,£20.29
Little Women (Little Women #1),£28.07
The Hound of the Baskervilles (Sherlock Holmes #5),£14.82
The Secret Garden,£15.08
The Pilgrim's Progress,£50.26
Shadows of the Past (Logan Point #1),£39.67
The Metamorphosis,£28.58
Gone with the Wind,£32.49
The Art Forger,£40.76
Little Red,£13.47
Walt Disney's Alice in Wonderland,£12.96
Redeeming Love,£20.47
Modern Romance,£28.26
"The Moosewood Cookbook: Recipes from Moosewood Restaurant, Ithaca, New York",£12.34
Close to You,£49.46
32 Yolks,£53.63
On a Midnight Clear,£14.07
"Naturally Lean: 125 Nourishing Gluten-Free, Plant-Based Recipes--All Under 300 Calories",£11.38
Judo: Seven Steps to Black Belt (an Introductory Guide for Beginners),£53.90
"Shobu Samurai, Project Aryoku (#3)",£29.06
The White Queen (The Cousins' War #1),£25.91
Twenty Yawns,£22.08
Camp Midnight,£17.08
"I Hate Fairyland, Vol. 1: Madly Ever After (I Hate Fairyland (Compilations) #1-5)",£29.17
I am a Hero Omnibus Volume 1,£54.63
"Giant Days, Vol. 2 (Giant Days #5-8)",£22.11
Cravings: Recipes for What You Want to Eat,£20.50
Rain Fish,£23.57
Danganronpa Volume 1,£51.99
"Codename Baboushka, Volume 1: The Conclave of Death",£36.72
Once Was a Time,£18.28
Icing (Aces Hockey #2),£40.44
Sugar Rush (Offensive Line #2),£24.42
Settling the Score (The Summer Games #1),£44.91
"Friday Night Lights: A Town, a Team, and a Dream",£51.22
Barefoot Contessa Back to Basics,£28.01
Barefoot Contessa at Home: Everyday Recipes You'll Make Over and Over Again,£50.62
My Kitchen Year: 136 Recipes That Saved My Life,£11.53
Needful Things,£47.51
Everyday Italian: 125 Simple and Delicious Recipes,£20.10
"A la Mode: 120 Recipes in 60 Pairings: Pies, Tarts, Cakes, Crisps, and More Topped with Ice Cream, Gelato, Frozen Custard, and More",£38.77
"The Mindfulness and Acceptance Workbook for Anxiety: A Guide to Breaking Free from Anxiety, Phobias, and Worry Using Acceptance and Commitment Therapy",£23.89
Lumberjanes Vol. 3: A Terrible Plan (Lumberjanes #9-12),£19.92
The Complete Stories and Poems (The Works of Edgar Allan Poe [Cameo Edition]),£26.78
Beowulf,£38.35
The Gutsy Girl: Escapades for Your Life of Epic Adventure,£37.13
Spark Joy: An Illustrated Master Class on the Art of Organizing and Tidying Up,£41.83
orange: The Complete Collection 1 (orange: The Complete Collection #1),£48.41
"Lumberjanes, Vol. 2: Friendship to the Max (Lumberjanes #5-8)",£46.91
"Outcast, Vol. 1: A Darkness Surrounds Him (Outcast #1)",£15.44
"It's All Easy: Healthy, Delicious Weeknight Meals in under 30 Minutes",£19.55
Patience,£10.16
"Lumberjanes, Vol. 1: Beware the Kitten Holy (Lumberjanes #1-4)",£45.61
Reskilling America: Learning to Labor in the Twenty-First Century,£19.83
Having the Barbarian's Baby (Ice Planet Barbarians #7.5),£34.96
The Last Girl (The Dominion Trilogy #1),£36.26
Three Wishes (River of Time: California #1),£44.18
Do Androids Dream of Electric Sheep? (Blade Runner #1),£51.48
Dune (Dune #1),£54.86
The Cookies & Cups Cookbook: 125+ sweet & savory recipes reminding you to Always Eat Dessert First,£41.25
The Nerdy Nummies Cookbook: Sweet Treats for the Geek in All of Us,£37.34
The Love and Lemons Cookbook: An Apple-to-Zucchini Celebration of Impromptu Cooking,£37.60
Can You Keep a Secret? (Fear Street Relaunch #4),£48.64
Red Dragon (Hannibal Lecter #1),£23.37
Psycho: Sanitarium (Psycho #1.5),£36.97
Doctor Sleep (The Shining #2),£40.12
Dracula the Un-Dead,£35.63
"Pop Gun War, Volume 1: Gift",£18.97
"Deliciously Ella Every Day: Quick and Easy Recipes for Gluten-Free Snacks, Packed Lunches, and Simple Meals",£42.16
Night Shift (Night Shift #1-20),£12.75
"Saga, Volume 5 (Saga (Collected Editions) #5)",£51.04
The Nameless City (The Nameless City #1),£38.16
"Rat Queens, Vol. 3: Demons (Rat Queens (Collected Editions) #11-15)",£50.40
"Layered: Baking, Building, and Styling Spectacular Cakes",£40.11
The Help Yourself Cookbook for Kids: 60 Easy Plant-Based Recipes Kids Can Make to Stay Healthy and Save the Earth,£28.77
"Princess Jellyfish 2-in-1 Omnibus, Vol. 01 (Princess Jellyfish 2-in-1 Omnibus #1)",£13.61
The Book of Basketball: The NBA According to The Sports Guy,£44.84
Everydata: The Misinformation Hidden in the Little Data You Consume Every Day,£54.35
Arena,£21.36
Foundation (Foundation (Publication Order) #1),£32.42
The Restaurant at the End of the Universe (Hitchhiker's Guide to the Galaxy #2),£10.92
Ready Player One,£19.07
Sleeping Giants (Themis Files #1),£48.74
My Paris Kitchen: Recipes and Stories,£33.37
"Mama Tried: Traditional Italian Cooking for the Screwed, Crude, Vegan, and Tattooed",£14.02
Holidays on Ice,£51.07
"Lamb: The Gospel According to Biff, Christ's Childhood Pal",£55.50
Security,£39.25
The Loney,£23.40
Pet Sematary,£10.56
"Life, the Universe and Everything (Hitchhiker's Guide to the Galaxy #3)",£33.26
Follow You Home,£21.36
"A Series of Catastrophes and Miracles: A True Story of Love, Science, and Cancer",£56.48
The Red Tent,£35.66
The Last Painting of Sara de Vos,£55.55
Girl in the Blue Coat,£46.83
The Guernsey Literary and Potato Peel Pie Society,£49.53
A People's History of the United States,£40.79
A Brush of Wings (Angels Walking #3),£55.51
The Bridge to Consciousness: I'm Writing the Bridge Between Science and Our Old and New Beliefs.,£32.00
Soft Apocalypse,£26.12
Join,£35.67
"William Shakespeare's Star Wars: Verily, A New Hope (William Shakespeare's Star Wars #4)",£43.30
The Project,£10.65
The Emerald Mystery,£23.15
Dress Your Family in Corduroy and Denim,£43.68
"Hyperbole and a Half: Unfortunate Situations, Flawed Coping Mechanisms, Mayhem, and Other Things That Happened",£14.75
I Know What I'm Doing -- and Other Lies I Tell Myself: Dispatches from a Life Under Construction,£25.98
Toddlers Are A**holes: It's Not Your Fault,£25.55
Naked,£31.69
When You Are Engulfed in Flames,£30.89
Misery,£34.79
Rook,£37.86
The Midnight Watch: A Novel of the Titanic and the Californian,£26.20
Voyager (Outlander #3),£21.07
The Constant Princess (The Tudor Court #1),£16.62
The Invention of Wings,£37.34
Thirteen Reasons Why,£52.72
World Without End (The Pillars of the Earth #2),£32.97
Girl With a Pearl Earring,£26.77
The Passion of Dolssa,£28.32
The Secret (The Secret #1),£27.37
The Psychopath Test: A Journey Through the Madness Industry,£36.00
Tracing Numbers on a Train,£41.60
The Kite Runner,£41.82
The Girl on the Train,£55.02
Fifty Shades Freed (Fifty Shades #3),£15.36
The Long Haul (Diary of a Wimpy Kid #9),£44.07
Old School (Diary of a Wimpy Kid #10),£11.83
Catastrophic Happiness: Finding Joy in Childhood's Messy Years,£37.35
It,£25.01
Life Without a Recipe,£59.04
A Heartbreaking Work of Staggering Genius,£54.29
The Stand,£57.86
The Girl with All the Gifts,£49.47
"Don't Be a Jerk: And Other Practical Advice from Dogen, Japan's Greatest Zen Master",£37.97
Mrs. Houdini,£30.25
The Marriage of Opposites,£28.08
'Salem's Lot,£49.56
"A Piece of Sky, a Grain of Rice: A Memoir in Four Meditations",£56.76
Soul Reader,£39.58
Bossypants,£49.46
"The Inefficiency Assassin: Time Management Tactics for Working Smarter, Not Longer",£20.59
A World of Flavor: Your Gluten Free Passport,£42.95
Glory over Everything: Beyond The Kitchen House,£45.84
"Love, Lies and Spies",£20.55
A Paris Apartment,£39.01
Me Talk Pretty One Day,£57.60
Running with Scissors,£12.91
Approval Junkie: Adventures in Caring Too Much,£58.81
Lilac Girls,£17.28
M Train,£27.18
Lust & Wonder,£11.87
Les Fleurs du Mal,£29.04
Lab Girl,£40.85
Out of Print: City Lights Spotlight No. 14,£53.64
Howl and Other Poems,£40.45
Kill 'Em and Leave: Searching for James Brown and the American Soul,£45.05
The 14th Colony (Cotton Malone #11),£39.24
What Happened on Beale Street (Secrets of the South Mysteries #2),£25.37
The Bachelor Girl's Guide to Murder (Herringford and Watts Mysteries #1),£52.30
Delivering the Truth (Quaker Midwife Mystery #1),£20.89
Forever and Forever: The Courtship of Henry Longfellow and Fanny Appleton,£29.69
A Flight of Arrows (The Pathfinders #2),£55.53
The House by the Lake,£36.95
"Chronicles, Vol. 1",£52.60
Give It Back,£18.32
Killing Floor (Jack Reacher #1),£31.49
The Natural History of Us (The Fine Art of Pretending #2),£45.22
"The Pioneer Woman Cooks: Dinnertime: Comfort Classics, Freezer Food, 16-Minute Meals, and Other Delicious Ways to Solve Supper!",£56.41
The Past Never Ends,£56.50
"Thinking, Fast and Slow",£21.14
Civilization and Its Discontents,£59.95
It Didn't Start with You: How Inherited Family Trauma Shapes Who We Are and How to End the Cycle,£56.27
An Unquiet Mind: A Memoir of Moods and Madness,£21.30
8 Keys to Mental Health Through Exercise,£31.04
The Argonauts,£10.93
Love Is a Mix Tape (Music #1),£18.03
Murder at the 42nd Street Library (Raymond Ambler #1),£54.36
Please Kill Me: The Uncensored Oral History of Punk,£31.19
Boar Island (Anna Pigeon #19),£59.48
Most Wanted,£35.28
Hide Away (Eve Duncan #20),£11.84
The Widow,£27.26
Playing with Fire,£13.71
The Lean Startup: How Today's Entrepreneurs Use Continuous Innovation to Create Radically Successful Businesses,£33.92
The Torch Is Passed: A Harding Family Story,£19.09
The Most Perfect Thing: Inside (and Outside) a Bird's Egg,£42.96
The Mistake (Off-Campus #2),£43.29
The Secret of Dreadwillow Carse,£56.13
The Art Book,£32.34
The Matchmaker's Playbook (Wingmen Inc. #1),£55.85
"Saga, Volume 6 (Saga (Collected Editions) #6)",£25.02
The Lucifer Effect: Understanding How Good People Turn Evil,£10.40
Ways of Seeing,£39.51
The Golden Condom: And Other Essays on Love Lost and Found,£39.43
The Hook Up (Game On #1),£36.29
Poisonous (Max Revere Novels #3),£26.80
That Darkness (Gardiner and Renner #1),£13.92
The Story of Art,£41.14
History of Beauty,£10.29
A Study in Scarlet (Sherlock Holmes #1),£16.73
Tastes Like Fear (DI Marnie Rome #3),£10.69
The Last Mile (Amos Decker #2),£54.21
A Time of Torment (Charlie Parker #14),£48.35
Don't Get Caught,£55.35
Shameless,£58.35
My Kind of Crazy,£40.36
Off Sides (Off #1),£39.45
City of Glass (The Mortal Instruments #3),£56.02
Feathers: Displays of Brilliant Plumage,£49.05
The Star-Touched Queen,£32.30
The New Drawing on the Right Side of the Brain,£43.02
Searching for Meaning in Gailana,£38.73
Catching Jordan (Hundred Oaks),£50.83
A Shard of Ice (The Black Symphony Saga #1),£56.63
King's Folly (The Kinsman Chronicles #1),£39.61
Art and Fear: Observations on the Perils (and Rewards) of Artmaking,£48.63
Aristotle and Dante Discover the Secrets of the Universe (Aristotle and Dante Discover the Secrets of the Universe #1),£58.14
Princess Between Worlds (Wide-Awake Princess #5),£13.34
Online Marketing for Busy Authors: A Step-By-Step Guide,£46.35
The Epidemic (The Program 0.6),£14.44
"Political Suicide: Missteps, Peccadilloes, Bad Calls, Backroom Hijinx, Sordid Pasts, Rotten Breaks, and Just Plain Dumb Mistakes in the Annals of American Politics",£36.28
Stars Above (The Lunar Chronicles #4.5),£48.05
The Activist's Tao Te Ching: Ancient Advice for a Modern Revolution,£32.24
Masks and Shadows,£56.40
The Murder of Roger Ackroyd (Hercule Poirot #4),£44.10
The Age of Genius: The Seventeenth Century and the Birth of the Modern Mind,£19.73
A Murder in Time,£16.64
Obsidian (Lux #1),£14.86
Until Friday Night (The Field Party #1),£46.31
Island of Dragons (Unwanteds #7),£29.65
Demigods & Magicians: Percy and Annabeth Meet the Kanes (Percy Jackson & Kane Chronicles Crossover #1-3),£37.51
The Bane Chronicles (The Bane Chronicles #1-11),£44.73
Hollow City (Miss Peregrine’s Peculiar Children #2),£42.98
The Star-Touched Queen,£46.02
The Hidden Oracle (The Trials of Apollo #1),£52.26
Frostbite (Vampire Academy #2),£29.99
Library of Souls (Miss Peregrine’s Peculiar Children #3),£48.56
Wild Swans,£14.36
This Is Where It Ends,£27.12
Unreasonable Hope: Finding Faith in the God Who Brings Purpose to Your Pain,£46.33
Chasing Heaven: What Dying Taught Me About Living,£37.80
If I Gave You God's Phone Number....: Searching for Spirituality in America,£20.91
A New Earth: Awakening to Your Life's Purpose,£55.65
The Darkest Lie,£35.35
Logan Kade (Fallen Crest High #5.5),£13.12
"The Bulletproof Diet: Lose up to a Pound a Day, Reclaim Energy and Focus, Upgrade Your Life",£49.05
The Murder That Never Was (Forensic Instincts #5),£54.11
This One Summer,£19.49
Thirst,£17.27
Throwing Rocks at the Google Bus: How Growth Became the Enemy of Prosperity,£31.12
Immunity: How Elie Metchnikoff Changed the Course of Modern Medicine,£57.36
A Fierce and Subtle Poison,£28.13
How to Be Miserable: 40 Strategies You Already Use,£46.03
Scarlett Epstein Hates It Here,£43.55
Throne of Glass (Throne of Glass #1),£35.07
Crown of Midnight (Throne of Glass #2),£43.29
"Avatar: The Last Airbender: Smoke and Shadow, Part 3 (Smoke and Shadow #3)",£28.09
A Court of Thorns and Roses (A Court of Thorns and Roses #1),£52.37
Fifty Shades Darker (Fifty Shades #2),£21.96
Burning,£28.81
First and First (Five Boroughs #3),£15.97
Her Backup Boyfriend (The Sorensen Family #1),£33.97
"Bitch Planet, Vol. 1: Extraordinary Machine (Bitch Planet (Collected Editions))",£37.92
The Glittering Court (The Glittering Court #1),£44.28
"Nightingale, Sing",£38.28
Suzie Snowflake: One beautiful flake (a self-esteem story),£54.81
The Grownup,£35.88
Silence in the Dark (Logan Point #4),£58.33
I've Got Your Number,£19.69
Tsubasa: WoRLD CHRoNiCLE 2 (Tsubasa WoRLD CHRoNiCLE #2),£16.28
The Edge of Reason (Bridget Jones #2),£19.18
(Un)Qualified: How God Uses Broken People to Do Big Things,£54.00
Something Blue (Darcy & Rachel #2),£54.62
Bridget Jones's Diary (Bridget Jones #1),£29.82
Crazy Love: Overwhelmed by a Relentless God,£47.72
"Unseen City: The Majesty of Pigeons, the Discreet Charm of Snails & Other Wonders of the Urban Wilderness",£44.18
Peak: Secrets from the New Science of Expertise,£16.28
"We Love You, Charlie Freeman",£50.27
Blue Like Jazz: Nonreligious Thoughts on Christian Spirituality,£25.77
"The Elegant Universe: Superstrings, Hidden Dimensions, and the Quest for the Ultimate Theory",£13.03
"The Disappearing Spoon: And Other True Tales of Madness, Love, and the History of the World from the Periodic Table of the Elements",£57.35
Without Borders (Wanderlove #1),£45.07
"Surely You're Joking, Mr. Feynman!: Adventures of a Curious Character",£25.83
Thomas Jefferson and the Tripoli Pirates: The Forgotten War That Changed American History,£59.64
The Girl You Left Behind (The Girl You Left Behind #1),£15.79
How to Stop Worrying and Start Living,£46.49
All the Light We Cannot See,£29.87
Twenties Girl,£42.80
"Overload: How to Unplug, Unwind, and Unleash Yourself from the Pressure of Stress",£52.15
Between Shades of Gray,£20.79
The Undomestic Goddess,£45.75
The Nanny Diaries (Nanny #1),£52.53
Can You Keep a Secret?,£21.94
The Devil Wears Prada (The Devil Wears Prada #1),£44.29
You Are a Badass: How to Stop Doubting Your Greatness and Start Living an Awesome Life,£12.08
The Vacationers,£42.15
Something Borrowed (Darcy & Rachel #1),£48.96
Sorting the Beef from the Bull: The Science of Food Fraud Forensics,£44.74
Tipping Point for Planet Earth: How Close Are We to the Edge?,£37.55
The Grand Design,£13.76
The Origin of Species,£10.01
Diary of a Citizen Scientist: Chasing Tiger Beetles and Other New Ways of Engaging the World,£28.41
"The Fabric of the Cosmos: Space, Time, and the Texture of Reality",£55.91
The Wedding Dress,£24.12
Tuesday Nights in 1980,£21.04
The Long Shadow of Small Ghosts: Murder and Memory in an American City,£10.97
The Regional Office Is Under Attack!,£51.36
Keep Me Posted,£20.46
Grey (Fifty Shades #4),£48.49
1st to Die (Women's Murder Club #1),£53.98
The No. 1 Ladies' Detective Agency (No. 1 Ladies' Detective Agency #1),£57.70
Career of Evil (Cormoran Strike #3),£24.72
The Girl You Lost,£12.29
The Girl In The Ice (DCI Erika Foster #1),£15.85
Meternity,£43.58
Will You Won't You Want Me?,£13.86
Some Women,£13.73
Blood Defense (Samantha Brinkman #1),£20.30
Shopaholic Ties the Knot (Shopaholic #3),£48.39
The Shadow Hero (The Shadow Hero),£33.14
While You Were Mine,£41.32
The Secret Healer,£34.56
Starlark,£25.83
Lost Among the Living,£27.70
#HigherSelfie: Wake Up Your Life. Free Your Soul. Find Your Tribe.,£23.11
A Spy's Devotion (The Regency Spies of London #1),£16.97
Dark Notes,£19.19
Seven Brief Lessons on Physics,£30.60
The Art of War,£33.34
Amid the Chaos,£36.58
The Perfect Play (Play by Play #1),£59.99
A Girl's Guide to Moving On (New Beginnings #2),£31.30
Extreme Prey (Lucas Davenport #26),£25.40
Dark Lover (Black Dagger Brotherhood #1),£12.87
The Exiled,£43.45
The Silkworm (Cormoran Strike #2),£23.05
Romero and Juliet: A Tragic Tale of Love and Zombies,£36.94
The Cuckoo's Calling (Cormoran Strike #1),£19.21
The Mysterious Affair at Styles (Hercule Poirot #1),£24.80
In the Woods (Dublin Murder Squad #1),£38.38
Secrets and Lace (Fatal Hearts #1),£20.27
Poses for Artists Volume 1 - Dynamic and Sitting Poses: An Essential Reference for Figure Drawing and the Human Form,£41.06
Changing the Game (Play by Play #2),£13.38
"Sit, Stay, Love",£20.90
I Had a Nice Time And Other Lies...: How to find love & sh*t like that,£57.36
Something More Than This,£16.24
10-Day Green Smoothie Cleanse: Lose Up to 15 Pounds in 10 Days!,£49.71
Suddenly in Love (Lake Haven #1),£55.99
The Art and Science of Low Carbohydrate Living,£52.98
Why the Right Went Wrong: Conservatism--From Goldwater to the Tea Party and Beyond,£52.65
Abstract City,£56.37
Equal Is Unfair: America's Misguided Fight Against Income Inequality,£56.86
13 Hours: The Inside Account of What Really Happened In Benghazi,£27.06
A Gentleman's Position (Society of Gentlemen #3),£14.75
"Far & Away: Places on the Brink of Change: Seven Continents, Twenty-Five Years",£15.06
Take Me Home Tonight (Rock Star Romance #3),£53.98
Hold Your Breath (Search and Rescue #1),£28.82
Dirty (Dive Bar #1),£40.83
"Eaternity: More than 150 Deliciously Easy Vegan Recipes for a Long, Healthy, Satisfied, Joyful Life",£51.75
Off the Hook (Fishing for Trouble #1),£47.67
"Eat Fat, Get Thin",£54.07
Buying In: The Secret Dialogue Between What We Buy and Who We Are,£37.80
The Wedding Pact (The O'Malleys #2),£32.61
Miss Peregrine’s Home for Peculiar Children (Miss Peregrine’s Peculiar Children #1),£10.76
Brain on Fire: My Month of Madness,£49.32
Grumbles,£22.16
Doing It Over (Most Likely To #1),£35.61
Large Print Heart of the Pride,£19.15
Done Rubbed Out (Reightman & Bailey #1),£37.72
Eureka Trivia 6.0,£54.59
Drive: The Surprising Truth About What Motivates Us,£34.95
"Fables, Vol. 1: Legends in Exile (Fables #1)",£41.62
Finders Keepers (Bill Hodges Trilogy #2),£53.53
Let It Out: A Journey Through Journaling,£26.79
First Steps for New Christians (Print Edition),£29.00
Hamilton: The Revolution,£58.79
The Bad-Ass Librarians of Timbuktu: And Their Race to Save the World’s Most Precious Manuscripts,£15.77
No Dream Is Too High: Life Lessons From a Man Who Walked on the Moon,£21.95
Swell: A Year of Waves,£45.58
Private Paris (Private #10),£47.61
The Selfish Gene,£29.45
Reasons to Stay Alive,£26.41
The Road to Little Dribbling: Adventures of an American in Britain (Notes From a Small Island #2),£23.21
Neither Here nor There: Travels in Europe,£38.95
Looking for Lovely: Collecting the Moments that Matter,£29.14
The Story of Hong Gildong,£43.19
Batman: The Long Halloween (Batman),£36.50
Zealot: The Life and Times of Jesus of Nazareth,£24.70
"Wonder Woman: Earth One, Volume One (Wonder Woman: Earth One #1)",£37.34
Agnostic: A Spirited Manifesto,£12.51
Amatus,£50.54
Amy Meets the Saints and Sages,£18.46
Batman: The Dark Knight Returns (Batman),£15.38
Anonymous,£46.82
Whole Lotta Creativity Going On: 60 Fun and Unusual Exercises to Awaken and Strengthen Your Creativity,£38.20
Ayumi's Violin,£15.48
What's It Like in Space?: Stories from Astronauts Who've Been There,£19.60
The Year of Magical Thinking,£43.04
The Literature Book (Big Ideas Simply Explained),£17.43
Big Magic: Creative Living Beyond Fear,£30.80
Becoming Wise: An Inquiry into the Mystery and Art of Living,£27.43
"Daring Greatly: How the Courage to Be Vulnerable Transforms the Way We Live, Love, Parent, and Lead",£19.43
Beauty Restored (Riley Family Legacy Novellas #3),£11.11
The Little Prince,£45.42
"1,000 Places to See Before You Die",£26.08
Sense and Sensibility,£37.46
"We Are Robin, Vol. 1: The Vigilante Business (We Are Robin #1)",£53.90
Of Mice and Men,£47.11
Through the Woods,£25.38
The Wright Brothers,£56.80
"Unbroken: A World War II Story of Survival, Resilience, and Redemption",£45.95
V for Vendetta (V for Vendetta Complete),£37.10
The Songs of the Gods,£44.48
Diary of a Minecraft Zombie Book 1: A Scare of a Dare (An Unofficial Minecraft Book),£52.88
Matilda,£28.34
Charlie and the Chocolate Factory (Charlie Bucket #1),£22.85
The Time Keeper,£27.88
Emma,£32.93
The Testament of Mary,£52.67
The Rosie Project (Don Tillman #1),£54.04
Booked,£17.49
Counting Thyme,£10.62
Green Eggs and Ham (Beginner Books B-16),£10.79
Are We There Yet?,£10.66
The Book of Mormon,£24.57
Twenty Love Poems and a Song of Despair,£30.95
"A History of God: The 4,000-Year Quest of Judaism, Christianity, and Islam",£27.62
"Vampire Knight, Vol. 1 (Vampire Knight #1)",£15.40
The Bhagavad Gita,£57.49
Choosing Our Religion: The Spiritual Lives of America's Nones,£28.42
When We Collided,£31.77
The Cat in the Hat (Beginner Books B-1),£16.26
Red: The True Story of Red Riding Hood,£28.54
The Power of Habit: Why We Do What We Do in Life and Business,£16.88
Horrible Bear!,£37.52
The First Hostage (J.B. Collins #2),£25.85
Take Me with You,£45.21
Brazen: The Courage to Find the You That's Been Hiding,£19.22
Rising Strong,£21.82
Man's Search for Meaning,£29.48
Sister Dear,£40.20
Memoirs of a Geisha,£49.67
Me Before You (Me Before You #1),£19.02
Living Forward: A Proven Plan to Stop Drifting and Get the Life You Want,£12.55
"Love That Boy: What Two Presidents, Eight Road Trips, and My Son Taught Me About a Parent's Expectations",£25.06
Someone Like You (The Harrisons #2),£52.79
I Will Find You,£44.21
No One Here Gets Out Alive,£20.02
This Is Your Brain on Music: The Science of a Human Obsession,£38.40
We Are All Completely Beside Ourselves,£24.04
"Orchestra of Exiles: The Story of Bronislaw Huberman, the Israel Philharmonic, and the One Thousand Jews He Saved from Nazi Horrors",£12.36
Shtum,£55.84
"At The Existentialist Café: Freedom, Being, and apricot cocktails with: Jean-Paul Sartre, Simone de Beauvoir, Albert Camus, Martin Heidegger, Edmund Husserl, Karl Jaspers, Maurice Merleau-Ponty and others",£29.93
My Name Is Lucy Barton,£41.56
Forever Rockers (The Rocker #12),£28.80
The Bourne Identity (Jason Bourne #1),£42.78
Steve Jobs,£39.50
Still Life with Bread Crumbs,£26.41
"The Midnight Assassin: Panic, Scandal, and the Hunt for America's First Serial Killer",£28.45
Life,£31.58
Miller's Valley,£58.54
Smarter Faster Better: The Secrets of Being Productive in Life and Business,£38.89
Why Not Me?,£17.76
"So Cute It Hurts!!, Vol. 6 (So Cute It Hurts!! #6)",£35.43
The Shack,£28.03
When Breath Becomes Air,£39.36
The High Mountains of Portugal,£51.15
11/22/63,£48.48
Chernobyl 01:23:40: The Incredible True Story of the World's Worst Nuclear Disaster,£35.92
"Naruto (3-in-1 Edition), Vol. 14: Includes Vols. 40, 41 & 42 (Naruto: Omnibus #14)",£38.39
"Red Hood/Arsenal, Vol. 1: Open for Business (Red Hood/Arsenal #1)",£25.48
"Zero to One: Notes on Startups, or How to Build the Future",£34.06
Robin War,£47.82
Superman Vol. 1: Before Truth (Superman by Gene Luen Yang #1),£11.89
Hystopia: A Novel,£21.96
I Am Pilgrim (Pilgrim #1),£10.60
My Mrs. Brown,£24.48
Mr. Mercedes (Bill Hodges Trilogy #1),£28.90
Catherine the Great: Portrait of a Woman,£58.55
Eligible (The Austen Project #4),£27.09
The Hiding Place,£55.91
Daredevils,£16.34
The Mathews Men: Seven Brothers and the War Against Hitler's U-boats,£42.91
America's War for the Greater Middle East: A Military History,£51.22
The Guns of August,£14.54
"House of Lost Worlds: Dinosaurs, Dynasties, and the Story of Life on Earth",£43.70
A Mother's Reckoning: Living in the Aftermath of Tragedy,£19.53
Lies and Other Acts of Love,£45.14
Mothering Sunday,£13.34
Rework,£44.88
"10% Happier: How I Tamed the Voice in My Head, Reduced Stress Without Losing My Edge, and Found Self-Help That Actually Works",£24.57
Meditations,£25.89
"The Sleep Revolution: Transforming Your Life, One Night at a Time",£11.68
"Mother, Can You Not?",£16.89
The Silent Sister (Riley MacPherson #1),£46.29
The Dinner Party,£56.54
The Improbability of Love,£59.45
Furiously Happy: A Funny Book About Horrible Things,£41.46
Snatched: How A Drug Queen Went Undercover for the DEA and Was Kidnapped By Colombian Guerillas,£21.21
Louisa: The Extraordinary Life of Mrs. Adams,£16.85
Algorithms to Live By: The Computer Science of Human Decisions,£30.81
Beyond Good and Evil,£43.38
"Setting the World on Fire: The Brief, Astonishing Life of St. Catherine of Siena",£21.15
Luckiest Girl Alive,£49.83
A Short History of Nearly Everything,£52.40
Brilliant Beacons: A History of the American Lighthouse,£11.45
Lowriders to the Center of the Earth (Lowriders in Space #2),£51.51
"""Most Blessed of the Patriarchs"": Thomas Jefferson and the Empire of the Imagination",£44.48
"Living Leadership by Insight: A Good Leader Achieves, a Great Leader Builds Monuments",£46.91
1491: New Revelations of the Americas Before Columbus,£21.80
The Power of Now: A Guide to Spiritual Enlightenment,£43.54
A Distant Mirror: The Calamitous 14th Century,£14.58
A Man Called Ove,£39.72
The Omnivore's Dilemma: A Natural History of Four Meals,£38.21
The Rise and Fall of the Third Reich: A History of Nazi Germany,£39.67
Lady Midnight (The Dark Artifices #1),£16.28
The Faith of Christopher Hitchens: The Restless Soul of the World's Most Notorious Atheist,£39.55
Balloon Animals,£17.03
"Hush, Hush (Hush, Hush #1)",£47.02
Dear Mr. Knightley,£11.21
The Course of Love,£16.78
Eight Hundred Grapes,£14.39
Crazy Rich Asians (Crazy Rich Asians #1),£49.13
Bounty (Colorado Mountain #7),£37.26
Inferno (Robert Langdon #4),£41.00
Big Little Lies,£22.11
Cometh the Hour (The Clifton Chronicles #6),£25.01
The Lonely City: Adventures in the Art of Being Alone,£33.26
The Artist's Way: A Spiritual Path to Higher Creativity,£38.49
The Genius of Birds,£17.24
The Diary of a Young Girl,£59.90
Charity's Cross (Charles Towne Belles #4),£41.24
Jurassic Park (Jurassic Park #1),£44.97
Deep Under (Walker Security #1),£47.09
Fighting Fate (Fighting #6),£39.24
Imperfect Harmony,£34.74
Lila (Gilead #3),£12.47
The Art of Fielding,£22.10
Listen to Me (Fusion #1),£58.99
The Da Vinci Code (Robert Langdon #2),£22.96
Greek Mythic History,£10.23
The Infinities,£27.41
Every Last Word,£46.47
El Deafo,£57.62
"Rhythm, Chord & Malykhin",£28.34
The Husband's Secret,£52.51
My Perfect Mistake (Over the Top #1),£38.92
The Nightingale,£26.26
This One Moment (Pushing Limits #1),£48.71
Where Lightning Strikes (Bleeding Stars #3),£39.77
Daily Fantasy Sports,£36.58
Three-Martini Lunch,£23.21
Atlas Shrugged,£26.58
Best of My Love (Fool's Gold #20),£27.41
Digital Fortress,£58.00
Reservations for Two,£11.10
Last One Home (New Beginnings #1),£59.98
Siddhartha,£34.22
The Obsession,£45.43
The Purest Hook (Second Circle Tattoos #3),£12.25
The Expatriates,£44.58
A Walk to Remember,£56.43
Roller Girl,£14.10
The Firm,£45.56
The Little Paris Bookshop,£24.73
"Fruits Basket, Vol. 2 (Fruits Basket #2)",£11.64
"Adulthood Is a Myth: A ""Sarah's Scribbles"" Collection",£10.90
"Fruits Basket, Vol. 9 (Fruits Basket #9)",£33.95
Deception Point,£40.32
"Saga, Volume 2 (Saga (Collected Editions) #2)",£11.75
Clockwork Angel (The Infernal Devices #1),£44.14
Art Ops Vol. 1,£48.80
City of Fallen Angels (The Mortal Instruments #4),£11.23
Batman: Europa,£32.01
City of Bones (The Mortal Instruments #1),£43.28
City of Ashes (The Mortal Instruments #2),£47.27
"Carry On, Warrior: Thoughts on Life Unarmed",£31.85
"The Sandman, Vol. 2: The Doll's House (The Sandman (volumes) #2)",£54.81
Carrie,£46.23
Angels & Demons (Robert Langdon #1),£51.48
"Fruits Basket, Vol. 3 (Fruits Basket #3)",£45.17
"Grayson, Vol 3: Nemesis (Grayson #3)",£42.72
Awkward,£38.02
"Black Butler, Vol. 1 (Black Butler #1)",£49.31
Original Fake,£31.45
Persepolis: The Story of a Childhood (Persepolis #1-2),£39.13
"The Three Searches, Meaning, and the Story",£13.33
"Saga, Volume 3 (Saga (Collected Editions) #3)",£21.57
"The Sandman, Vol. 3: Dream Country (The Sandman (volumes) #3)",£55.55
"Fruits Basket, Vol. 4 (Fruits Basket #4)",£50.44
"The Wicked + The Divine, Vol. 3: Commercial Suicide (The Wicked + The Divine)",£14.41
Prodigy: The Graphic Novel (Legend: The Graphic Novel #2),£43.63
"The Demon Prince of Momochi House, Vol. 4 (The Demon Prince of Momochi House #4)",£27.88
"Fruits Basket, Vol. 5 (Fruits Basket #5)",£16.33
"Death Note, Vol. 5: Whiteout (Death Note #5)",£52.41
"Fruits Basket, Vol. 7 (Fruits Basket #7)",£19.57
"Death Note, Vol. 6: Give-and-Take (Death Note #6)",£36.39
"Fruits Basket, Vol. 6 (Fruits Basket #6)",£20.96
The Gray Rhino: How to Recognize and Act on the Obvious Dangers We Ignore,£59.15
The Children,£11.88
Hungry Girl Clean & Hungry: Easy All-Natural Recipes for Healthy Eating in the Real World,£33.14
Raspberry Pi Electronics Projects for the Evil Genius,£49.67
No Love Allowed (Dodge Cove #1),£54.65
How to Speak Golf: An Illustrated Guide to Links Lingo,£58.32
"The Art of Simple Food: Notes, Lessons, and Recipes from a Delicious Revolution",£34.32
The Smitten Kitchen Cookbook,£23.59
Vegan Vegetarian Omnivore: Dinner for Everyone at the Table,£13.66
Mexican Today: New and Rediscovered Recipes for Contemporary Kitchens,£24.91
The Power Greens Cookbook: 140 Delicious Superfood Recipes,£11.05
Better Homes and Gardens New Cook Book,£39.61
Ash,£22.06
A Storm of Swords (A Song of Ice and Fire #3),£31.22
Darkfever (Fever #1),£56.02
Eragon (The Inheritance Cycle #1),£43.87
One with You (Crossfire #5),£15.71
Heir to the Sky,£44.07
Midnight Riot (Peter Grant/ Rivers of London - books #1),£55.46
How to Be a Domestic Goddess: Baking and the Art of Comfort Cooking,£28.25
Eleanor & Park,£56.51
The Barefoot Contessa Cookbook,£59.92
Troublemaker: Surviving Hollywood and Scientology,£48.39
How to Cook Everything Vegetarian: Simple Meatless Recipes for Great Food (How to Cook Everything),£46.01
Walk the Edge (Thunder Road #2),£32.36
Harry Potter and the Prisoner of Azkaban (Harry Potter #3),£24.17
An Abundance of Katherines,£10.00
The Rose & the Dagger (The Wrath and the Dawn #2),£58.64
Soldier (Talon #3),£24.72
Harry Potter and the Chamber of Secrets (Harry Potter #2),£14.74
Harry Potter and the Half-Blood Prince (Harry Potter #6),£48.75
Harry Potter and the Order of the Phoenix (Harry Potter #5),£31.63
Paper and Fire (The Great Library #2),£49.45
"Unstuffed: Decluttering Your Home, Mind, and Soul",£58.09
Under the Banner of Heaven: A Story of Violent Faith,£30.00
God Is Not Great: How Religion Poisons Everything,£27.80
We the People: The Modern-Day Figures Who Have Reshaped and Affirmed the Founding Fathers' Vision of America,£31.95
Very Good Lives: The Fringe Benefits of Failure and the Importance of Imagination,£50.66
Isla and the Happily Ever After (Anna and the French Kiss #3),£48.13
"Exit, Pursued by a Bear",£51.34
Lola and the Boy Next Door (Anna and the French Kiss #2),£23.63
The Geography of Bliss: One Grump's Search for the Happiest Places in the World,£28.23
Kill the Boy Band,£15.52
Adultery,£20.88
Tell Me Three Things,£41.81
The Darkest Corners,£11.33
Two Summers,£14.64
The Beast (Black Dagger Brotherhood #14),£46.08
The Demonists (Demonist #1),£52.11
Tell the Wind and Fire,£45.51
A Feast for Crows (A Song of Ice and Fire #4),£17.21
The Gunning of America: Business and the Making of American Gun Culture,£16.81
The Jazz of Physics: The Secret Link Between Music and the Structure of the Universe,£38.71
"Data, A Love Story: How I Gamed Online Dating to Meet My Match",£32.35
The False Prince (The Ascendance Trilogy #1),£56.00
My Mother Was Nuts,£31.63
The Raven Boys (The Raven Cycle #1),£57.74
Talking to Girls About Duran Duran: One Young Man's Quest for True Love and a Cooler Haircut,£25.15
"Will Grayson, Will Grayson (Will Grayson, Will Grayson)",£47.31
Where She Went (If I Stay #2),£41.73
Tell the Wolves I'm Home,£50.96
Why Save the Bankers?: And Other Essays on Our Economic and Political Crisis,£48.67
Watchmen,£58.05
Nightstruck: A Novel,£50.35
A Gathering of Shadows (Shades of Magic #2),£44.81
Underlying Notes,£11.82
Without Shame,£48.27
Unlimited Intuition Now,£58.87
The New Brand You: Your New Image Makes the Sale for You,£44.05
Every Heart a Doorway (Every Heart A Doorway #1),£12.16
Future Shock (Future Shock #1),£55.65
The Raven King (The Raven Cycle #4),£30.57
My Life Next Door (My Life Next Door ),£36.39
Find Her (Detective D.D. Warren #8),£22.37
The Flowers Lied,£16.68
The Alien Club,£54.40
In Cold Blood,£49.98
"Girl, Interrupted",£42.14
Fun Home: A Family Tragicomic,£56.59
South of Sunshine,£28.93
Finding God in the Ruins: How God Redeems Pain,£46.64
For the Love: Fighting for Grace in a World of Impossible Standards,£45.13
Don't Forget Steven,£33.23
"A Murder Over a Girl: Justice, Gender, Junior High",£13.20
The Man Who Mistook His Wife for a Hat and Other Clinical Tales,£59.45
Mere Christianity,£48.51
"NaNo What Now? Finding your editing process, revising your NaNoWriMo book and building a writing career through publishing and beyond",£10.41
Modern Day Fables,£47.44
The God Delusion,£46.85
Pride and Prejudice,£19.27
The Golden Compass (His Dark Materials #1),£18.77
The Joy of Cooking,£43.27
Being Mortal: Medicine and What Matters in the End,£55.06
A Hero's Curse (The Unseen Chronicles #1),£50.49
23 Degrees South: A Tropical Tale of Changing Whether...,£35.79
Good in Bed (Cannie Shapiro #1),£37.05
The Bette Davis Club,£30.66
Bright Lines,£39.07
Kitchens of the Great Midwest,£57.20
The Unlikely Pilgrimage of Harold Fry (Harold Fry #1),£43.62
The Martian (The Martian #1),£41.39
Between the World and Me,£56.91
The Silent Wife,£12.34
John Adams,£57.43
The Drowning Girls,£35.67
Team of Rivals: The Political Genius of Abraham Lincoln,£20.12
The Glass Castle,£16.24
When I'm Gone,£51.96
"Ajin: Demi-Human, Volume 1 (Ajin: Demi-Human #1)",£57.06
"Bleach, Vol. 1: Strawberry and the Soul Reapers (Bleach #1)",£34.65
"Fruits Basket, Vol. 1 (Fruits Basket #1)",£40.28
"Giant Days, Vol. 1 (Giant Days #1-4)",£56.76
"Hawkeye, Vol. 1: My Life as a Weapon (Hawkeye #1)",£45.24
Left Behind (Left Behind #1),£40.72
John Vassos: Industrial Design for Modern Life,£20.22
I'll Give You the Sun,£56.48
"Ouran High School Host Club, Vol. 1 (Ouran High School Host Club #1)",£29.87
"Ms. Marvel, Vol. 1: No Normal (Ms. Marvel (2014-2015) #1)",£39.39
"Saga, Volume 1 (Saga (Collected Editions) #1)",£28.48
"Paper Girls, Vol. 1 (Paper Girls #1-5)",£21.71
"Rat Queens, Vol. 1: Sass & Sorcery (Rat Queens (Collected Editions) #1-5)",£46.96
"Skip Beat!, Vol. 01 (Skip Beat! #1)",£42.12
The Complete Maus (Maus #1-2),£10.64
Heaven is for Real: A Little Boy's Astounding Story of His Trip to Heaven and Back,£52.86
"The Sandman, Vol. 1: Preludes and Nocturnes (The Sandman (volumes) #1)",£54.12
"The Wicked + The Divine, Vol. 1: The Faust Act (The Wicked + The Divine)",£36.52
Ender's Game (The Ender Quintet #1),£43.64
Death by Leisure: A Cautionary Tale,£37.51
The Art of Not Breathing,£40.83
"Y: The Last Man, Vol. 1: Unmanned (Y: The Last Man #1)",£18.51
Wildlife of New York: A Five-Borough Coloring Book,£22.14
The Haters,£27.89
New Moon (Twilight #2),£12.86
Annie on My Mind,£36.83
Girl Online On Tour (Girl Online #2),£53.47
Boy Meets Boy,£21.12
The Good Girl,£49.03
The Great Gatsby,£36.05
The 7 Habits of Highly Effective People: Powerful Lessons in Personal Change,£33.17
Golden (Heart of Dread #3),£42.21
Steal Like an Artist: 10 Things Nobody Told You About Being Creative,£20.90
Legend (Legend #1),£43.69
Scarlet (The Lunar Chronicles #2),£14.57
Blink: The Power of Thinking Without Thinking,£21.74
"Born to Run: A Hidden Tribe, Superathletes, and the Greatest Race the World Has Never Seen",£27.35
Brave Enough,£51.32
Disrupted: My Misadventure in the Start-Up Bubble,£15.28
Gratitude,£26.66
The Year of Living Biblically: One Man's Humble Quest to Follow the Bible as Literally as Possible,£34.72
I Am Malala: The Girl Who Stood Up for Education and Was Shot by the Taliban,£28.88
"The Land of 10,000 Madonnas",£29.64
The New Guy (and Other Senior Year Distractions),£44.92
Two Boys Kissing,£32.74
Life of Pi,£13.22
Myriad (Prentor #1),£58.75
Cinder (The Lunar Chronicles #1),£26.09
One Second (Seven #7),£52.94
Origins (Alphas 0.5),£28.99
Lady Renegades (Rebel Belle #3),£53.04
Into the Wild,£56.70
It's Never Too Late to Begin Again: Discovering Creativity and Meaning at Midlife and Beyond,£42.38
Letter to a Christian Nation,£22.20
Let's Pretend This Never Happened: A Mostly True Memoir,£45.11
Shadow Rites (Jane Yellowrock #10),£21.72
Sister Sable (The Mad Queen #1),£13.33
"In the Garden of Beasts: Love, Terror, and an American Family in Hitler's Berlin",£28.85
The Sound Of Love,£57.84
The Makings of a Fatherless Child,£31.58
The Mirror & the Maze (The Wrath and the Dawn #1.5),£29.38
The Perks of Being a Wallflower,£55.02
The Hobbit (Middle-Earth Universe),£17.80
The Silent Twin (Detective Jennifer Knight #3),£36.25
The Fellowship of the Ring (The Lord of the Rings #1),£10.27
Vampire Girl (Vampire Girl #1),£53.82
Night (The Night Trilogy #1),£13.51
Notes from a Small Island (Notes From a Small Island #1),£40.17
#GIRLBOSS,£50.96
Outliers: The Story of Success,£14.16
"Rise of the Rocket Girls: The Women Who Propelled Us, from Missiles to the Moon to Mars",£41.67
Spilled Milk: Based on a True Story,£49.51
Fire Bound (Sea Haven/Sisters of the Heart #5),£21.28
Cosmos,£36.17
Rogue Lawyer (Rogue Lawyer #1),£50.11
Manuscript Found in Accra,£34.98
Ship Leaves Harbor: Essays on Travel by a Recovering Journeyman,£30.60
Musicophilia: Tales of Music and the Brain,£46.58
Stiff: The Curious Lives of Human Cadavers,£36.74
Sarah's Key,£46.29
Seven Days in the Art World,£52.33
"Trespassing Across America: One Man's Epic, Never-Done-Before (and Sort of Illegal) Hike Across the Heartland",£53.51
The Name of God is Mercy,£37.25
Lord of the Flies,£24.89
The Communist Manifesto,£14.76
"Miracles from Heaven: A Little Girl, Her Journey to Heaven, and Her Amazing Story of Healing",£57.83
The Iliad,£16.16
The Case for Christ (Cases for Christianity),£47.84
The Blind Side: Evolution of a Game,£53.71
The Catcher in the Rye,£24.55
The Complete Poems,£41.32
The Light of the Fireflies,£54.43
What If?: Serious Scientific Answers to Absurd Hypothetical Questions,£53.68
"The End of Faith: Religion, Terror, and the Future of Reason",£22.13
The Fault in Our Stars,£47.22
The Odyssey,£29.64
The Sense of an Ending,£31.38
The Hitchhiker's Guide to the Galaxy (Hitchhiker's Guide to the Galaxy #1),£47.80
The Girl Who Kicked the Hornet's Nest (Millennium Trilogy #3),£57.48
The Purpose Driven Life: What on Earth Am I Here for?,£37.19
The Republic,£33.78
The Tipping Point: How Little Things Can Make a Big Difference,£10.02
The Rest Is Noise: Listening to the Twentieth Century,£34.77
The Dream Thieves (The Raven Cycle #2),£34.50
A Clash of Kings (A Song of Ice and Fire #2),£10.79
The 5th Wave (The 5th Wave #1),£11.83
Shiver (The Wolves of Mercy Falls #1),£16.23
Remember Me?,£11.48
A Game of Thrones (A Song of Ice and Fire #1),£46.42
I Know Why the Caged Bird Sings (Maya Angelou's Autobiography #1),£36.55
Harry Potter and the Deathly Hallows (Harry Potter #7),£23.32
If I Stay (If I Stay #1),£38.13
Drama,£38.70
"Blue Lily, Lily Blue (The Raven Cycle #3)",£34.13
Fool Me Once,£16.96
"Eat, Pray, Love",£51.32
The End of the Jesus Era (An Investigation #1),£14.40
The Tumor,£41.56
Alight (The Generations Trilogy #2),£58.59
Travels with Charley: In Search of America,£57.82
H is for Hawk,£57.42
Vogue Colors A to Z: A Fashion Coloring Book,£52.35
The Shining (The Shining #1),£27.88
Kindle Paperwhite User's Guide,£34.00
The Hunger Games (The Hunger Games #1),£29.85
"The Suffragettes (Little Black Classics, #96)",£11.89
Are We Smart Enough to Know How Smart Animals Are?,£56.58
A Walk in the Woods: Rediscovering America on the Appalachian Trail,£30.48
Black Flags: The Rise of ISIS,£40.87
Outlander (Outlander #1),£19.67
Harry Potter and the Sorcerer's Stone (Harry Potter #1),£13.90
Mockingjay (The Hunger Games #3),£20.44
Evicted: Poverty and Profit in the American City,£42.27
Confessions of a Shopaholic (Shopaholic #1),£48.94
"Where'd You Go, Bernadette",£18.13
Zero History (Blue Ant #3),£34.77
Wild: From Lost to Found on the Pacific Crest Trail,£46.02
World War Z: An Oral History of the Zombie War,£21.80
Twilight (Twilight #1),£41.93
The Paris Wife,£36.80
The Maze Runner (The Maze Runner #1),£20.93
The Lover's Dictionary,£58.09
The Goldfinch,£43.58
The Demon-Haunted World: Science as a Candle in the Dark,£52.25
The Girl Who Played with Fire (Millennium Trilogy #2),£22.14
The Giver (The Giver Quartet #1),£12.30
The Book Thief,£53.49
Shopaholic & Baby (Shopaholic #5),£46.45
The Autobiography of Malcolm X,£23.43
Quiet: The Power of Introverts in a World That Can't Stop Talking,£43.55
One for the Money (Stephanie Plum #1),£32.87
Packing for Mars: The Curious Science of Life in the Void,£56.68
Orange Is the New Black,£24.61
Morning Star (Red Rising #3),£29.40
Life After Life,£26.13
"Lean In: Women, Work, and the Will to Lead",£25.02
Is Everyone Hanging Out Without Me? (And Other Concerns),£20.11
Gone Girl,£37.60
Fellside,£38.62
"David and Goliath: Underdogs, Misfits, and the Art of Battling Giants",£17.81
Dead Wake: The Last Crossing of the Lusitania,£39.24
Dark Places,£23.90
Eclipse (Twilight #3),£18.74
Dracula,£52.62
Breaking Dawn (Twilight #4),£35.28
Beautiful Creatures (Caster Chronicles #1),£21.55
A Visit from the Goon Squad,£14.08
The Zombie Room,£19.69
The Name of the Wind (The Kingkiller Chronicle #1),£50.59
Shatter Me (Shatter Me #1),£42.40
Taking Shots (Assassins #1),£18.88
Paradise Lost (Paradise #1),£24.96
On the Road (Duluoz Legend),£32.36
Jane Eyre,£38.43
Frankenstein,£38.00
